provider,plan_name,cpu_cores,ram_gb,storage_gb,storage_type,bandwidth_tb,price,currency,price_usd_monthly,offer_url,source_url,last_updated
DigitalOcean,Highly scalable View App Platform pricing Droplets Starting at,,,,,,4.0,USD,4.0,https://www.digitalocean.com/pricing/,https://www.digitalocean.com/pricing/,2026-10-01T12:00:14.853466+00:00
DigitalOcean,Highly-efficient virtual machines Per-sec billing with 60 sec minimum or,,,,,,0.01,USD,0.01,https://www.digitalocean.com/pricing/,https://www.digitalocean.com/pricing/,2026-10-01T12:00:14.853513+00:00
DigitalOcean,Droplet Kubernetes Starting,,,,,,12.0,USD,12.0,https://www.digitalocean.com/pricing/,https://www.digitalocean.com/pricing/,2026-10-01T12:00:14.853632+00:00
DigitalOcean,Scale automatically View Functions pricing Cloudways Managed Hosting Starting at,,,,,,11.0,USD,11.0,https://www.digitalocean.com/pricing/,https://www.digitalocean.com/pricing/,2026-10-01T12:00:14.853690+00:00
DigitalOcean,Droplet cost per month Usage-based starting at,,,,,,0.01,USD,0.01,https://www.digitalocean.com/pricing/,https://www.digitalocean.com/pricing/,2026-10-01T12:00:14.853731+00:00
DigitalOcean,Backups Databases Starting,,,,,,15.0,USD,15.0,https://www.digitalocean.com/pricing/,https://www.digitalocean.com/pricing/,2026-10-01T12:00:14.853774+00:00
DigitalOcean,Storage Spaces Starting,,,,,,5.0,USD,5.0,https://www.digitalocean.com/pricing/,https://www.digitalocean.com/pricing/,2026-10-01T12:00:14.853812+00:00
DigitalOcean,Built in CDN View Spaces Object Storage pricing Network File Storage Starting at,,,,,,0.15,USD,0.15,https://www.digitalocean.com/pricing/,https://www.digitalocean.com/pricing/,2026-10-01T12:00:14.853844+00:00
DigitalOcean,Standard GiB-month High,,,,,,0.3,USD,0.3,https://www.digitalocean.com/pricing/,https://www.digitalocean.com/pricing/,2026-10-01T12:00:14.853902+00:00
DigitalOcean,Storage Volumes Starting,,,,,,10.0,USD,10.0,https://www.digitalocean.com/pricing/,https://www.digitalocean.com/pricing/,2026-10-01T12:00:14.853951+00:00
OVHcloud,Available in Singapore & Australia location From,,,,,,677.0,USD,677.0,https://www.ovh.com/world/promotions/,https://www.ovh.com/world/promotions/,2026-10-01T12:00:16.133009+00:00
OVHcloud,Search Multiple Transfer,,,,,,9.2,USD,9.2,https://www.ovh.com/world/promotions/,https://www.ovh.com/world/promotions/,2026-10-01T12:00:16.133071+00:00
OVHcloud,Search Multiple Transfer,,,,,,17.99,USD,17.99,https://www.ovh.com/world/promotions/,https://www.ovh.com/world/promotions/,2026-10-01T12:00:16.133107+00:00
OVHcloud,Search Multiple Transfer,,,,,,62.99,USD,62.99,https://www.ovh.com/world/promotions/,https://www.ovh.com/world/promotions/,2026-10-01T12:00:16.133138+00:00
OVHcloud,Search Multiple Transfer,,,,,,35.82,USD,35.82,https://www.ovh.com/world/promotions/,https://www.ovh.com/world/promotions/,2026-10-01T12:00:16.133168+00:00
OVHcloud,Search Multiple Transfer,,,,,,7.79,USD,7.79,https://www.ovh.com/world/promotions/,https://www.ovh.com/world/promotions/,2026-10-01T12:00:16.133195+00:00
RackNerd,DEDICATED SERVERS Starting,,,,,,139.0,USD,139.0,https://www.racknerd.com/,https://www.racknerd.com/,2026-10-01T12:00:16.968619+00:00
RackNerd,Toronto starting at just,,,,,,2.24,USD,2.24,https://www.racknerd.com/,https://www.racknerd.com/,2026-10-01T12:00:16.968679+00:00
RackNerd,COLOCATION PLANS Starting,,,,,,179.0,USD,179.0,https://www.racknerd.com/,https://www.racknerd.com/,2026-10-01T12:00:16.968736+00:00
RackNerd,Storage Premium Low Latency Network Multiple Datacenter Locations Instantly Setup,,,,,,2.0,USD,2.0,https://www.racknerd.com/,https://www.racknerd.com/,2026-10-01T12:00:16.968829+00:00
RackNerd,Access Low Latency Network Multiple Datacenter Locations Scale/Upgrade Seamlessly,,,,,,39.0,USD,39.0,https://www.racknerd.com/,https://www.racknerd.com/,2026-10-01T12:00:16.968887+00:00
RackNerd,Processor Servers Low Latency Network DDoS Protected Network SSD & HDD Options,,,,,,139.0,USD,139.0,https://www.racknerd.com/,https://www.racknerd.com/,2026-10-01T12:00:16.968977+00:00
RackNerd,U Available 24x7 Smart Hands & Eyes Free Receiving Premium Bandwidth Included,,,,,,99.0,USD,99.0,https://www.racknerd.com/,https://www.racknerd.com/,2026-10-01T12:00:16.969089+00:00
Hostinger,Choose VPS KVM,,,,,,19.49,USD,19.49,https://www.hostinger.com/vps-hosting,https://www.hostinger.com/vps-hosting,2026-10-01T12:00:17.951751+00:00
Hostinger,Choose VPS KVM,,,,,,6.49,USD,6.49,https://www.hostinger.com/vps-hosting,https://www.hostinger.com/vps-hosting,2026-10-01T12:00:17.951843+00:00
Hostinger,Choose plan Renews at,,,,,,11.99,USD,11.99,https://www.hostinger.com/vps-hosting,https://www.hostinger.com/vps-hosting,2026-10-01T12:00:17.951893+00:00
Hostinger,MOST POPULAR KVM,,,,,,24.49,USD,24.49,https://www.hostinger.com/vps-hosting,https://www.hostinger.com/vps-hosting,2026-10-01T12:00:17.951955+00:00
Hostinger,MOST POPULAR KVM,,,,,,8.99,USD,8.99,https://www.hostinger.com/vps-hosting,https://www.hostinger.com/vps-hosting,2026-10-01T12:00:17.952022+00:00
Hostinger,Choose plan Renews at,,,,,,14.99,USD,14.99,https://www.hostinger.com/vps-hosting,https://www.hostinger.com/vps-hosting,2026-10-01T12:00:17.952069+00:00
Hostinger,RAM NVMe KVM,,,,,,42.99,USD,42.99,https://www.hostinger.com/vps-hosting,https://www.hostinger.com/vps-hosting,2026-10-01T12:00:17.952121+00:00
Hostinger,RAM NVMe KVM,,,,,,12.99,USD,12.99,https://www.hostinger.com/vps-hosting,https://www.hostinger.com/vps-hosting,2026-10-01T12:00:17.952160+00:00
Hostinger,Choose plan Renews at,,,,,,28.99,USD,28.99,https://www.hostinger.com/vps-hosting,https://www.hostinger.com/vps-hosting,2026-10-01T12:00:17.952193+00:00
Hostinger,RAM NVMe KVM,,,,,,73.99,USD,73.99,https://www.hostinger.com/vps-hosting,https://www.hostinger.com/vps-hosting,2026-10-01T12:00:17.952241+00:00
Hostinger,RAM NVMe KVM,,,,,,25.99,USD,25.99,https://www.hostinger.com/vps-hosting,https://www.hostinger.com/vps-hosting,2026-10-01T12:00:17.952278+00:00
Hostinger,Choose plan Renews at,,,,,,49.99,USD,49.99,https://www.hostinger.com/vps-hosting,https://www.hostinger.com/vps-hosting,2026-10-01T12:00:17.952311+00:00
IONOS,Starting at,,,,,,4.0,USD,4.0,https://www.ionos.com/servers/vps,https://www.ionos.com/servers/vps,2026-10-01T12:00:18.979596+00:00
IONOS,Unlimited traffic and no setup fees See plans Starting at,,,,,,2.0,USD,2.0,https://www.ionos.com/servers/vps,https://www.ionos.com/servers/vps,2026-10-01T12:00:18.980215+00:00
IONOS,Placeholder VPS Save,,,,,,6.0,USD,6.0,https://www.ionos.com/servers/vps,https://www.ionos.com/servers/vps,2026-10-01T12:00:18.980260+00:00
IONOS,Placeholder VPS Save,,,,,,14.0,USD,14.0,https://www.ionos.com/servers/vps,https://www.ionos.com/servers/vps,2026-10-01T12:00:18.980328+00:00
IONOS,Placeholder VPS Save,,,,,,5.0,USD,5.0,https://www.ionos.com/servers/vps,https://www.ionos.com/servers/vps,2026-10-01T12:00:18.980379+00:00
IONOS,Bestseller VPS Save,,,,,,25.0,USD,25.0,https://www.ionos.com/servers/vps,https://www.ionos.com/servers/vps,2026-10-01T12:00:18.980449+00:00
IONOS,Bestseller VPS Save,,,,,,8.0,USD,8.0,https://www.ionos.com/servers/vps,https://www.ionos.com/servers/vps,2026-10-01T12:00:18.980508+00:00
IONOS,Placeholder VPS Save,,,,,,47.0,USD,47.0,https://www.ionos.com/servers/vps,https://www.ionos.com/servers/vps,2026-10-01T12:00:18.980577+00:00
IONOS,Placeholder VPS Save,,,,,,14.0,USD,14.0,https://www.ionos.com/servers/vps,https://www.ionos.com/servers/vps,2026-10-01T12:00:18.980637+00:00
IONOS,VPS XXL Save,,,,,,68.0,USD,68.0,https://www.ionos.com/servers/vps,https://www.ionos.com/servers/vps,2026-10-01T12:00:18.980707+00:00
IONOS,VPS XXL Save,,,,,,20.0,USD,20.0,https://www.ionos.com/servers/vps,https://www.ionos.com/servers/vps,2026-10-01T12:00:18.980769+00:00
IONOS,Unlimited traffic Transfer as much data as you need with a,,,,,,1.0,GBP,,https://www.ionos.com/servers/vps,https://www.ionos.com/servers/vps,2026-10-01T12:00:18.980901+00:00
Scaleway,Servers Start Affordable,,,,,,4.99,EUR,,https://www.scaleway.com/en/pricing/,https://www.scaleway.com/en/pricing/,2026-10-01T12:00:20.224055+00:00
Scaleway,French Dedibox VPS,,,,,,4.99,EUR,,https://www.scaleway.com/en/pricing/,https://www.scaleway.com/en/pricing/,2026-10-01T12:00:20.224142+00:00
Scaleway,Benefit from up to,,,,,,36.0,EUR,,https://www.scaleway.com/en/pricing/,https://www.scaleway.com/en/pricing/,2026-10-01T12:00:20.224388+00:00
UpCloud,SLA Starting from,,,,,,3.0,EUR,,https://upcloud.com/pricing/,https://upcloud.com/pricing/,2026-10-01T12:00:21.304120+00:00
UpCloud,GB 1 250 Mbit/s 20 GB,,,,,,6.0,EUR,,https://upcloud.com/pricing/,https://upcloud.com/pricing/,2026-10-01T12:00:21.304201+00:00
UpCloud,GB 2 250 Mbit/s 30 GB,,,,,,8.0,EUR,,https://upcloud.com/pricing/,https://upcloud.com/pricing/,2026-10-01T12:00:21.304253+00:00
UpCloud,GB 1 250 Mbit/s 30 GB,,,,,,10.0,EUR,,https://upcloud.com/pricing/,https://upcloud.com/pricing/,2026-10-01T12:00:21.304301+00:00
UpCloud,GB 2 500 Mbit/s 30 GB,,,,,,12.0,EUR,,https://upcloud.com/pricing/,https://upcloud.com/pricing/,2026-10-01T12:00:21.304340+00:00
UpCloud,GB 2 500 Mbit/s 40 GB,,,,,,18.0,EUR,,https://upcloud.com/pricing/,https://upcloud.com/pricing/,2026-10-01T12:00:21.304367+00:00
UpCloud,GB 4 500 Mbit/s 40 GB,,,,,,20.0,EUR,,https://upcloud.com/pricing/,https://upcloud.com/pricing/,2026-10-01T12:00:21.304391+00:00
UpCloud,GB 2 500 Mbit/s 50 GB,,,,,,24.0,EUR,,https://upcloud.com/pricing/,https://upcloud.com/pricing/,2026-10-01T12:00:21.304416+00:00
UpCloud,GB 4 500 Mbit/s 50 GB,,,,,,28.0,EUR,,https://upcloud.com/pricing/,https://upcloud.com/pricing/,2026-10-01T12:00:21.304441+00:00
UpCloud,MaxIOPS high performance storage 1000 Mbps Internet & IPv4 included Starting from,,,,,,5.0,EUR,,https://upcloud.com/pricing/,https://upcloud.com/pricing/,2026-10-01T12:00:21.304548+00:00
UpCloud,CPU MaxIOPS Price,,,,,,16.0,EUR,,https://upcloud.com/pricing/,https://upcloud.com/pricing/,2026-10-01T12:00:21.304615+00:00
UpCloud,CPU MaxIOPS Price,,,,,,26.0,EUR,,https://upcloud.com/pricing/,https://upcloud.com/pricing/,2026-10-01T12:00:21.304668+00:00
Kamatera,Servers Firewalls CMS Databases Monitoring VPN ERP Virtual Desktop Forex Basic,,,,,,4.0,USD,4.0,https://www.kamatera.com/pricing/,https://www.kamatera.com/pricing/,2026-10-01T12:00:22.211215+00:00
Kamatera,Dallas Standard,,,,,,25.0,USD,25.0,https://www.kamatera.com/pricing/,https://www.kamatera.com/pricing/,2026-10-01T12:00:22.211293+00:00
Kamatera,Dallas Pro,,,,,,39.0,USD,39.0,https://www.kamatera.com/pricing/,https://www.kamatera.com/pricing/,2026-10-01T12:00:22.211352+00:00
Kamatera,TB Operating System Ubuntu Server,,,,,,10.0,USD,10.0,https://www.kamatera.com/pricing/,https://www.kamatera.com/pricing/,2026-10-01T12:00:22.211962+00:00
Kamatera,Per Month Hourly rate,,,,,,0.01,USD,0.01,https://www.kamatera.com/pricing/,https://www.kamatera.com/pricing/,2026-10-01T12:00:22.212010+00:00
Kamatera,GB Additional storage is only,,,,,,0.05,USD,0.05,https://www.kamatera.com/pricing/,https://www.kamatera.com/pricing/,2026-10-01T12:00:22.212041+00:00
CloudCone,Simple Pricing Unbeatable,,,,,,63.09,USD,63.09,https://cloudcone.com/,https://cloudcone.com/,2026-10-01T12:00:23.849048+00:00
CloudCone,SC2 Starter Plan,,,,,,5.2,USD,5.2,https://cloudcone.com/,https://cloudcone.com/,2026-10-01T12:00:23.849084+00:00
CloudCone,US Feature-rich Panel Enable Auto-backups Enable Snapshots SC2 Basic Plan,,,,,,10.34,USD,10.34,https://cloudcone.com/,https://cloudcone.com/,2026-10-01T12:00:23.849197+00:00
CloudCone,Plan Per Month,,,,,,0.01,USD,0.01,https://cloudcone.com/,https://cloudcone.com/,2026-10-01T12:00:23.849299+00:00
CloudCone,US Feature-rich Panel Enable Auto-backups Enable Snapshots SC2 Standard Plan,,,,,,14.51,USD,14.51,https://cloudcone.com/,https://cloudcone.com/,2026-10-01T12:00:23.849399+00:00
CloudCone,Plan Per Month,,,,,,0.01,USD,0.01,https://cloudcone.com/,https://cloudcone.com/,2026-10-01T12:00:23.849492+00:00
CloudCone,US Feature-rich Panel Enable Auto-backups Enable Snapshots SC2 Business Plan,,,,,,17.56,USD,17.56,https://cloudcone.com/,https://cloudcone.com/,2026-10-01T12:00:23.849592+00:00
CloudCone,Plan Per Month,,,,,,0.02,USD,0.02,https://cloudcone.com/,https://cloudcone.com/,2026-10-01T12:00:23.849685+00:00
CloudCone,Panel Enable Auto-backups Enable Snapshots Power House SC2 Professional Plan,,,,,,31.99,USD,31.99,https://cloudcone.com/,https://cloudcone.com/,2026-10-01T12:00:23.849783+00:00
CloudCone,Plan Per Month,,,,,,0.04,USD,0.04,https://cloudcone.com/,https://cloudcone.com/,2026-10-01T12:00:23.849867+00:00
CloudCone,US Feature-rich Panel Enable Auto-backups Enable Snapshots SC2 Premium Plan,,,,,,63.09,USD,63.09,https://cloudcone.com/,https://cloudcone.com/,2026-10-01T12:00:23.849962+00:00
CloudCone,Plan Per Month,,,,,,0.08,USD,0.08,https://cloudcone.com/,https://cloudcone.com/,2026-10-01T12:00:23.850072+00:00
BandwagonHost,Gigabit Multiple locations,,,,,,49.99,USD,49.99,https://bandwagonhost.com/,https://bandwagonhost.com/,2026-10-01T12:00:24.733679+00:00
BandwagonHost,Gigabit Multiple locations,,,,,,52.99,USD,52.99,https://bandwagonhost.com/,https://bandwagonhost.com/,2026-10-01T12:00:24.733727+00:00
BandwagonHost,Gigabit Multiple locations,,,,,,19.99,USD,19.99,https://bandwagonhost.com/,https://bandwagonhost.com/,2026-10-01T12:00:24.733763+00:00
BandwagonHost,Gigabit Multiple locations,,,,,,39.99,USD,39.99,https://bandwagonhost.com/,https://bandwagonhost.com/,2026-10-01T12:00:24.733796+00:00
BandwagonHost,Gigabit Multiple locations,,,,,,79.99,USD,79.99,https://bandwagonhost.com/,https://bandwagonhost.com/,2026-10-01T12:00:24.733827+00:00
BandwagonHost,Gigabit Multiple locations,,,,,,119.99,USD,119.99,https://bandwagonhost.com/,https://bandwagonhost.com/,2026-10-01T12:00:24.733859+00:00
HostDare,Uptime Guarantee    24/7/365 Support Starting at,,,,,,12.99,USD,12.99,https://hostdare.com/,https://hostdare.com/,2026-10-01T12:00:25.757161+00:00
HostDare,Storage Bandwidth/month ORDER,,,,,,89.99,USD,89.99,https://hostdare.com/,https://hostdare.com/,2026-10-01T12:00:25.757345+00:00
HostDare,GB RAM 400 GB NVMe SSD Storage 3500 GB Bandwidth/month ORDER,,,,,,99.99,USD,99.99,https://hostdare.com/,https://hostdare.com/,2026-10-01T12:00:25.757427+00:00
ScalaHosting,Support from A to Z Anytime Unconditional Money-back Guarantee Starting From,,,,,,29.95,USD,29.95,https://www.scalahosting.com/vps-hosting/,https://www.scalahosting.com/vps-hosting/,2026-10-01T12:00:26.656538+00:00
ScalaHosting,Turbo-fast NVMe SSD 12 M 36 M 1 M,,,,,,29.95,USD,29.95,https://www.scalahosting.com/vps-hosting/,https://www.scalahosting.com/vps-hosting/,2026-10-01T12:00:26.656615+00:00
ScalaHosting,SAVE Get Started,,,,,,54.95,USD,54.95,https://www.scalahosting.com/vps-hosting/,https://www.scalahosting.com/vps-hosting/,2026-10-01T12:00:26.656672+00:00
ScalaHosting,Turbo-fast NVMe SSD 12 M 36 M 1 M,,,,,,44.95,USD,44.95,https://www.scalahosting.com/vps-hosting/,https://www.scalahosting.com/vps-hosting/,2026-10-01T12:00:26.656770+00:00
ScalaHosting,SAVE Get Started,,,,,,96.95,USD,96.95,https://www.scalahosting.com/vps-hosting/,https://www.scalahosting.com/vps-hosting/,2026-10-01T12:00:26.656830+00:00
ScalaHosting,Turbo-fast NVMe SSD 12 M 36 M 1 M,,,,,,69.95,USD,69.95,https://www.scalahosting.com/vps-hosting/,https://www.scalahosting.com/vps-hosting/,2026-10-01T12:00:26.656924+00:00
ScalaHosting,SAVE Get Started,,,,,,170.95,USD,170.95,https://www.scalahosting.com/vps-hosting/,https://www.scalahosting.com/vps-hosting/,2026-10-01T12:00:26.656999+00:00
ScalaHosting,Turbo-fast NVMe SSD 12 M 36 M 1 M,,,,,,94.95,USD,94.95,https://www.scalahosting.com/vps-hosting/,https://www.scalahosting.com/vps-hosting/,2026-10-01T12:00:26.657096+00:00
ScalaHosting,SAVE Get Started,,,,,,244.95,USD,244.95,https://www.scalahosting.com/vps-hosting/,https://www.scalahosting.com/vps-hosting/,2026-10-01T12:00:26.657153+00:00
ScalaHosting,Backup for the last seven days,,,,,,15.0,USD,15.0,https://www.scalahosting.com/vps-hosting/,https://www.scalahosting.com/vps-hosting/,2026-10-01T12:00:26.658084+00:00
ScalaHosting,LiteSpeed 5 Domains 8GB RAM,,,,,,10.0,USD,10.0,https://www.scalahosting.com/vps-hosting/,https://www.scalahosting.com/vps-hosting/,2026-10-01T12:00:26.658118+00:00
ScalaHosting,LiteSpeed 5 Domains Unlimited RAM,,,,,,16.0,USD,16.0,https://www.scalahosting.com/vps-hosting/,https://www.scalahosting.com/vps-hosting/,2026-10-01T12:00:26.658150+00:00
Hostens,VPS SMALL OFF,,,,,,7.0,USD,7.0,https://www.hostens.com/vps/,https://www.hostens.com/vps/,2026-10-01T12:00:27.997178+00:00
Hostens,RAM CPU Daily/Weekly,,,,,,1.0,USD,1.0,https://www.hostens.com/vps/,https://www.hostens.com/vps/,2026-10-01T12:00:27.997248+00:00
Hostens,Daily/Weekly Plesk DirectAdmin,,,,,,9.99,USD,9.99,https://www.hostens.com/vps/,https://www.hostens.com/vps/,2026-10-01T12:00:27.997291+00:00
Hostens,Order MEDIUM OFF,,,,,,16.0,USD,16.0,https://www.hostens.com/vps/,https://www.hostens.com/vps/,2026-10-01T12:00:27.997387+00:00
Hostens,Order LARGE OFF,,,,,,31.0,USD,31.0,https://www.hostens.com/vps/,https://www.hostens.com/vps/,2026-10-01T12:00:27.997499+00:00
Hostens,Order SMALL OFF,,,,,,21.0,USD,21.0,https://www.hostens.com/vps/,https://www.hostens.com/vps/,2026-10-01T12:00:27.997624+00:00
Hostens,Order MEDIUM OFF,,,,,,40.0,USD,40.0,https://www.hostens.com/vps/,https://www.hostens.com/vps/,2026-10-01T12:00:27.997740+00:00
Hostens,Order LARGE OFF,,,,,,77.0,USD,77.0,https://www.hostens.com/vps/,https://www.hostens.com/vps/,2026-10-01T12:00:27.997858+00:00
Hostens,Order SMALL OFF,,,,,,6.0,USD,6.0,https://www.hostens.com/vps/,https://www.hostens.com/vps/,2026-10-01T12:00:27.997973+00:00
Hostens,Order MEDIUM OFF,,,,,,11.0,USD,11.0,https://www.hostens.com/vps/,https://www.hostens.com/vps/,2026-10-01T12:00:27.998098+00:00
RamNode,Uptime Guaranteed Cloud VPS plans starting at,,,,,,4.0,USD,4.0,https://www.ramnode.com/,https://www.ramnode.com/,2026-10-01T12:00:29.084526+00:00
RamNode,NVMe VPS From,,,,,,14.0,USD,14.0,https://www.ramnode.com/,https://www.ramnode.com/,2026-10-01T12:00:29.084681+00:00
RamNode,Linode Shared Monthly,,,,,,18.0,USD,18.0,https://www.ramnode.com/,https://www.ramnode.com/,2026-10-01T12:00:29.084909+00:00
RamNode,Linode Shared Monthly,,,,,,12.0,USD,12.0,https://www.ramnode.com/,https://www.ramnode.com/,2026-10-01T12:00:29.084976+00:00
RamNode,NVMe-backed shared option is the 4GB tier at,,,,,,24.0,USD,24.0,https://www.ramnode.com/,https://www.ramnode.com/,2026-10-01T12:00:29.085187+00:00
Virmach,RAM CPU SSD,,,,,,12.5,USD,12.5,https://virmach.com/,https://virmach.com/,2026-10-01T12:00:29.845166+00:00
Virmach,LITE CPU SSD,,,,,,12.0,USD,12.0,https://virmach.com/,https://virmach.com/,2026-10-01T12:00:29.845246+00:00
Virmach,STORAGE-500G RAM HDD,,,,,,5.0,USD,5.0,https://virmach.com/,https://virmach.com/,2026-10-01T12:00:29.845299+00:00
Virmach,EC2 AZURE B1ms,,,,,,10.0,USD,10.0,https://virmach.com/,https://virmach.com/,2026-10-01T12:00:29.845626+00:00
Virmach,EC2 AZURE B1ms,,,,,,6.0,USD,6.0,https://virmach.com/,https://virmach.com/,2026-10-01T12:00:29.845708+00:00
Virmach,AZURE B1ms SALE,,,,,,14.0,USD,14.0,https://virmach.com/,https://virmach.com/,2026-10-01T12:00:29.845797+00:00
Virmach,AZURE B1ms SALE,,,,,,12.0,USD,12.0,https://virmach.com/,https://virmach.com/,2026-10-01T12:00:29.845874+00:00
Virmach,AZURE B1ms SALE,,,,,,17.61,USD,17.61,https://virmach.com/,https://virmach.com/,2026-10-01T12:00:29.845931+00:00
Virmach,AZURE B1ms SALE,,,,,,7.0,USD,7.0,https://virmach.com/,https://virmach.com/,2026-10-01T12:00:29.845972+00:00
Virmach,AZURE B1ms SALE,,,,,,14.6,USD,14.6,https://virmach.com/,https://virmach.com/,2026-10-01T12:00:29.846023+00:00
Virmach,AZURE B1ms SALE,,,,,,18.1,USD,18.1,https://virmach.com/,https://virmach.com/,2026-10-01T12:00:29.846054+00:00
Virmach,SSD NVMe SSD,,,,,,2.0,USD,2.0,https://virmach.com/,https://virmach.com/,2026-10-01T12:00:29.846088+00:00
InterServer,Speed Test Login Cloud compute / VPS Cloud compute that scales from,,,,,,3.0,USD,3.0,https://www.interserver.net/vps/,https://www.interserver.net/vps/,2026-10-01T12:00:30.712064+00:00
InterServer,Starts at,,,,,,3.0,USD,3.0,https://www.interserver.net/vps/,https://www.interserver.net/vps/,2026-10-01T12:00:30.712114+00:00
InterServer,Server Remote Desktop,,,,,,10.0,USD,10.0,https://www.interserver.net/vps/,https://www.interserver.net/vps/,2026-10-01T12:00:30.712176+00:00
InterServer,Slice 1 Slice,,,,,,3.0,USD,3.0,https://www.interserver.net/vps/,https://www.interserver.net/vps/,2026-10-01T12:00:30.712287+00:00
InterServer,GB memory 40GB SSD 2TB transfer,,,,,,10.0,GBP,,https://www.interserver.net/vps/,https://www.interserver.net/vps/,2026-10-01T12:00:30.712311+00:00
InterServer,Gbps Shared port Root access Full server control Order 1 Slice 2 Slices 2 Slices,,,,,,6.0,USD,6.0,https://www.interserver.net/vps/,https://www.interserver.net/vps/,2026-10-01T12:00:30.712352+00:00
InterServer,Gbps Shared port Root access Full server control Order 2 Slices 3 Slices 3 Slices,,,,,,9.0,USD,9.0,https://www.interserver.net/vps/,https://www.interserver.net/vps/,2026-10-01T12:00:30.712408+00:00
InterServer,Gbps Shared port Root access Full server control Order 3 Slices 4 Slices 4 Slices,,,,,,12.0,USD,12.0,https://www.interserver.net/vps/,https://www.interserver.net/vps/,2026-10-01T12:00:30.712463+00:00
InterServer,Gbps Shared port Root access Full server control Order 4 Slices 5 Slices 5 Slices,,,,,,15.0,USD,15.0,https://www.interserver.net/vps/,https://www.interserver.net/vps/,2026-10-01T12:00:30.712515+00:00
InterServer,Gbps Shared port Root access Full server control Order 5 Slices 6 Slices 6 Slices,,,,,,18.0,USD,18.0,https://www.interserver.net/vps/,https://www.interserver.net/vps/,2026-10-01T12:00:30.712569+00:00
InterServer,Gbps Shared port Root access Full server control Order 6 Slices 7 Slices 7 Slices,,,,,,21.0,USD,21.0,https://www.interserver.net/vps/,https://www.interserver.net/vps/,2026-10-01T12:00:30.712622+00:00
InterServer,Gbps Shared port Root access Full server control Order 7 Slices 8 Slices 8 Slices,,,,,,24.0,USD,24.0,https://www.interserver.net/vps/,https://www.interserver.net/vps/,2026-10-01T12:00:30.712675+00:00
Hostwinds,RAM Storage Bandwidth Price CPU 1 CPU RAM 1 GB Storage 30 GB Bandwidth 1 TB Price,,,,,,10.99,USD,10.99,https://www.hostwinds.com/vps,https://www.hostwinds.com/vps,2026-10-01T12:00:32.891672+00:00
Hostwinds,Storage Bandwidth Price,,,,,,7.14,USD,7.14,https://www.hostwinds.com/vps,https://www.hostwinds.com/vps,2026-10-01T12:00:32.891795+00:00
Hostwinds,CPU 1 CPU RAM 2 GB Storage 50 GB Bandwidth 2 TB Price,,,,,,21.99,USD,21.99,https://www.hostwinds.com/vps,https://www.hostwinds.com/vps,2026-10-01T12:00:32.891880+00:00
Hostwinds,Storage Bandwidth Price,,,,,,14.29,USD,14.29,https://www.hostwinds.com/vps,https://www.hostwinds.com/vps,2026-10-01T12:00:32.891976+00:00
Hostwinds,CPU 2 CPU RAM 4 GB Storage 75 GB Bandwidth 2 TB Price,,,,,,39.99,USD,39.99,https://www.hostwinds.com/vps,https://www.hostwinds.com/vps,2026-10-01T12:00:32.892046+00:00
Hostwinds,Storage Bandwidth Price,,,,,,25.99,USD,25.99,https://www.hostwinds.com/vps,https://www.hostwinds.com/vps,2026-10-01T12:00:32.892115+00:00
Hostwinds,CPU 2 CPU RAM 6 GB Storage 100 GB Bandwidth 2 TB Price,,,,,,50.99,USD,50.99,https://www.hostwinds.com/vps,https://www.hostwinds.com/vps,2026-10-01T12:00:32.892161+00:00
Hostwinds,Storage Bandwidth Price,,,,,,33.14,USD,33.14,https://www.hostwinds.com/vps,https://www.hostwinds.com/vps,2026-10-01T12:00:32.892227+00:00
Hostwinds,CPU 4 CPU RAM 8 GB Storage 150 GB Bandwidth 3 TB Price,,,,,,79.99,USD,79.99,https://www.hostwinds.com/vps,https://www.hostwinds.com/vps,2026-10-01T12:00:32.892268+00:00
Hostwinds,Storage Bandwidth Price,,,,,,51.99,USD,51.99,https://www.hostwinds.com/vps,https://www.hostwinds.com/vps,2026-10-01T12:00:32.892328+00:00
Hostwinds,CPU 4 CPU RAM 12 GB Storage 200 GB Bandwidth 4 TB Price,,,,,,99.99,USD,99.99,https://www.hostwinds.com/vps,https://www.hostwinds.com/vps,2026-10-01T12:00:32.892370+00:00
Hostwinds,Storage Bandwidth Price,,,,,,64.99,USD,64.99,https://www.hostwinds.com/vps,https://www.hostwinds.com/vps,2026-10-01T12:00:32.892431+00:00
KnownHost,Free migrations with supported control panel Starting at,,,,,,43.25,USD,43.25,https://www.knownhost.com/vps-hosting,https://www.knownhost.com/vps-hosting,2026-10-01T12:00:33.661101+00:00
KnownHost,Fully self-managed environment Starting at,,,,,,5.0,USD,5.0,https://www.knownhost.com/vps-hosting,https://www.knownhost.com/vps-hosting,2026-10-01T12:00:33.661151+00:00
AccuWebHosting,Cheap VPS Hosting,,,,,,4.99,USD,4.99,https://www.accuwebhosting.com/vps-hosting/,https://www.accuwebhosting.com/vps-hosting/,2026-10-01T12:00:34.753696+00:00
AccuWebHosting,Only Enterprise WordPress Cloud Now Starting at,,,,,,6.99,USD,6.99,https://www.accuwebhosting.com/vps-hosting/,https://www.accuwebhosting.com/vps-hosting/,2026-10-01T12:00:34.753736+00:00
AccuWebHosting,Windows VPS SSD Plan Starting at,,,,,,6.33,USD,6.33,https://www.accuwebhosting.com/vps-hosting/,https://www.accuwebhosting.com/vps-hosting/,2026-10-01T12:00:34.754608+00:00
AccuWebHosting,OS Learn More Most Trending Forex Trading VPS Plan Starting at,,,,,,7.99,USD,7.99,https://www.accuwebhosting.com/vps-hosting/,https://www.accuwebhosting.com/vps-hosting/,2026-10-01T12:00:34.754673+00:00
AccuWebHosting,High-Speed Network Connectivity Features,,,,,,1.0,GBP,,https://www.accuwebhosting.com/vps-hosting/,https://www.accuwebhosting.com/vps-hosting/,2026-10-01T12:00:34.754804+00:00
Liquid Web,VPS Hosting Starting at,,,,,,5.0,USD,5.0,https://www.liquidweb.com/vps-hosting/,https://www.liquidweb.com/vps-hosting/,2026-10-01T12:00:35.674877+00:00
Liquid Web,Root Dedicated RAM,,,,,,8.5,USD,8.5,https://www.liquidweb.com/vps-hosting/,https://www.liquidweb.com/vps-hosting/,2026-10-01T12:00:35.675148+00:00
Liquid Web,Root Dedicated RAM,,,,,,17.0,USD,17.0,https://www.liquidweb.com/vps-hosting/,https://www.liquidweb.com/vps-hosting/,2026-10-01T12:00:35.675217+00:00
Liquid Web,Root Dedicated RAM,,,,,,22.5,USD,22.5,https://www.liquidweb.com/vps-hosting/,https://www.liquidweb.com/vps-hosting/,2026-10-01T12:00:35.675292+00:00
Liquid Web,Root Dedicated RAM,,,,,,45.0,USD,45.0,https://www.liquidweb.com/vps-hosting/,https://www.liquidweb.com/vps-hosting/,2026-10-01T12:00:35.675344+00:00
Liquid Web,Root Dedicated RAM,,,,,,90.0,USD,90.0,https://www.liquidweb.com/vps-hosting/,https://www.liquidweb.com/vps-hosting/,2026-10-01T12:00:35.675421+00:00
Liquid Web,Build now 1 2 GB 60 GB 2 TB,,,,,,11.0,USD,11.0,https://www.liquidweb.com/vps-hosting/,https://www.liquidweb.com/vps-hosting/,2026-10-01T12:00:35.675622+00:00
Liquid Web,Hourly Compute Build,,,,,,0.01,USD,0.01,https://www.liquidweb.com/vps-hosting/,https://www.liquidweb.com/vps-hosting/,2026-10-01T12:00:35.675666+00:00
Liquid Web,Compute Build Build,,,,,,0.02,USD,0.02,https://www.liquidweb.com/vps-hosting/,https://www.liquidweb.com/vps-hosting/,2026-10-01T12:00:35.675719+00:00
Liquid Web,Build now 2 6 GB 120 GB 4 TB,,,,,,22.0,USD,22.0,https://www.liquidweb.com/vps-hosting/,https://www.liquidweb.com/vps-hosting/,2026-10-01T12:00:35.675745+00:00
Liquid Web,Build Build Build,,,,,,0.03,USD,0.03,https://www.liquidweb.com/vps-hosting/,https://www.liquidweb.com/vps-hosting/,2026-10-01T12:00:35.675772+00:00
Liquid Web,Build Build Build,,,,,,0.06,USD,0.06,https://www.liquidweb.com/vps-hosting/,https://www.liquidweb.com/vps-hosting/,2026-10-01T12:00:35.675803+00:00
Cherry Servers,Storage For From,,,,,,0.07,USD,0.07,https://www.cherryservers.com/pricing,https://www.cherryservers.com/pricing,2026-10-01T12:00:36.581956+00:00
Cherry Servers,Ensured high availability Learn more Backup Storage For a safe data store From,,,,,,3.5,USD,3.5,https://www.cherryservers.com/pricing,https://www.cherryservers.com/pricing,2026-10-01T12:00:36.582030+00:00
Cherry Servers,Scale up to 2TB on the go Learn more Floating IP For persistent access From,,,,,,2.34,USD,2.34,https://www.cherryservers.com/pricing,https://www.cherryservers.com/pricing,2026-10-01T12:00:36.582075+00:00
Cherry Servers,DDOS protection Learn more Public IP Subnet For multiple access points From,,,,,,18.72,USD,18.72,https://www.cherryservers.com/pricing,https://www.cherryservers.com/pricing,2026-10-01T12:00:36.582120+00:00
Cherry Servers,Manage via UI or API Learn more Load Balancer For distributing requests From,,,,,,11.86,USD,11.86,https://www.cherryservers.com/pricing,https://www.cherryservers.com/pricing,2026-10-01T12:00:36.582164+00:00
Latitude.sh,GPU 8 x NVIDIA HGX B300,,,,,,800.0,GBP,,https://www.latitude.sh/pricing,https://www.latitude.sh/pricing,2026-10-01T12:00:37.470691+00:00
Latitude.sh,NVME NVME Network,,,,,,100.0,GBP,,https://www.latitude.sh/pricing,https://www.latitude.sh/pricing,2026-10-01T12:00:37.470855+00:00
Latitude.sh,Gbps Locations Starting At,,,,,,64.0,USD,64.0,https://www.latitude.sh/pricing,https://www.latitude.sh/pricing,2026-10-01T12:00:37.470998+00:00
Latitude.sh,Gbps Locations Starting,,,,,,46.72,USD,46.72,https://www.latitude.sh/pricing,https://www.latitude.sh/pricing,2026-10-01T12:00:37.471138+00:00
Latitude.sh,Gbps Locations Starting At,,,,,,24.0,USD,24.0,https://www.latitude.sh/pricing,https://www.latitude.sh/pricing,2026-10-01T12:00:37.471246+00:00
Latitude.sh,Gbps Locations Starting,,,,,,17.52,USD,17.52,https://www.latitude.sh/pricing,https://www.latitude.sh/pricing,2026-10-01T12:00:37.471343+00:00
Latitude.sh,Storage NVME Network,,,,,,10.0,GBP,,https://www.latitude.sh/pricing,https://www.latitude.sh/pricing,2026-10-01T12:00:37.471437+00:00
Latitude.sh,Gbps Locations Starting At,,,,,,1.68,USD,1.68,https://www.latitude.sh/pricing,https://www.latitude.sh/pricing,2026-10-01T12:00:37.471516+00:00
Latitude.sh,Gbps Locations Starting,,,,,,1.23,USD,1.23,https://www.latitude.sh/pricing,https://www.latitude.sh/pricing,2026-10-01T12:00:37.471602+00:00
Latitude.sh,Hourly Monthly Paid yearly Gen 4 DDR5 RAM Ultra fast NVMe SVE-compatible Up to,,,,,,200.0,GBP,,https://www.latitude.sh/pricing,https://www.latitude.sh/pricing,2026-10-01T12:00:37.471630+00:00
Latitude.sh,Starting At,,,,,,5.44,USD,5.44,https://www.latitude.sh/pricing,https://www.latitude.sh/pricing,2026-10-01T12:00:37.471738+00:00
Latitude.sh,Gbps Locations Starting,,,,,,3.97,USD,3.97,https://www.latitude.sh/pricing,https://www.latitude.sh/pricing,2026-10-01T12:00:37.471820+00:00
AlphaVPS,VAT BY TYPE 04 Cheap VPS BEST VALUE,,,,,,2.54,EUR,,https://alphavps.com/,https://alphavps.com/,2026-10-01T12:00:39.303470+00:00
AlphaVPS,Affordable hosting High-Performance VPS POPULAR,,,,,,4.24,EUR,,https://alphavps.com/,https://alphavps.com/,2026-10-01T12:00:39.303589+00:00
AlphaVPS,AMD Ryzen powered Storage VPS,,,,,,1.67,EUR,,https://alphavps.com/,https://alphavps.com/,2026-10-01T12:00:39.303645+00:00
BuyVM,SSD storage starting at,,,,,,2.0,USD,2.0,https://buyvm.net/,https://buyvm.net/,2026-10-01T12:00:40.311531+00:00
BuyVM,E PACKAGES DEDICATED RESOURCES DEDICATED KVM SLICES SSD 20 GB Memory 1 GB Monthly,,,,,,3.5,USD,3.5,https://buyvm.net/,https://buyvm.net/,2026-10-01T12:00:40.311590+00:00
BuyVM,STORAGE INTENSIVE Block Storage Slabs HDD 256 GB Monthly,,,,,,1.25,USD,1.25,https://buyvm.net/,https://buyvm.net/,2026-10-01T12:00:40.311623+00:00
SSDNodes,Standard VPS Performance VPS KVM / SMALL,,,,,,83.0,USD,83.0,https://www.ssdnodes.com/pricing/,https://www.ssdnodes.com/pricing/,2026-10-01T12:00:41.491920+00:00
SSDNodes,VPS KVM SMALL,,,,,,66.0,USD,66.0,https://www.ssdnodes.com/pricing/,https://www.ssdnodes.com/pricing/,2026-10-01T12:00:41.491967+00:00
SSDNodes,Per Year Save,,,,,,342.0,USD,342.0,https://www.ssdnodes.com/pricing/,https://www.ssdnodes.com/pricing/,2026-10-01T12:00:41.492012+00:00
SSDNodes,IPv6 Included That,,,,,,5.5,USD,5.5,https://www.ssdnodes.com/pricing/,https://www.ssdnodes.com/pricing/,2026-10-01T12:00:41.492094+00:00
SSDNodes,Started KVM MEDIUM,,,,,,141.0,USD,141.0,https://www.ssdnodes.com/pricing/,https://www.ssdnodes.com/pricing/,2026-10-01T12:00:41.492165+00:00
SSDNodes,Started KVM MEDIUM,,,,,,113.0,USD,113.0,https://www.ssdnodes.com/pricing/,https://www.ssdnodes.com/pricing/,2026-10-01T12:00:41.492235+00:00
SSDNodes,Per Year Save,,,,,,597.0,USD,597.0,https://www.ssdnodes.com/pricing/,https://www.ssdnodes.com/pricing/,2026-10-01T12:00:41.492295+00:00
SSDNodes,IPv6 Included That,,,,,,9.42,USD,9.42,https://www.ssdnodes.com/pricing/,https://www.ssdnodes.com/pricing/,2026-10-01T12:00:41.492369+00:00
SSDNodes,Started KVM LARGE,,,,,,166.0,USD,166.0,https://www.ssdnodes.com/pricing/,https://www.ssdnodes.com/pricing/,2026-10-01T12:00:41.492434+00:00
SSDNodes,Started KVM LARGE,,,,,,133.0,USD,133.0,https://www.ssdnodes.com/pricing/,https://www.ssdnodes.com/pricing/,2026-10-01T12:00:41.492498+00:00
SSDNodes,Per Year Save,,,,,,717.0,USD,717.0,https://www.ssdnodes.com/pricing/,https://www.ssdnodes.com/pricing/,2026-10-01T12:00:41.492557+00:00
SSDNodes,IPv6 Included That,,,,,,11.08,USD,11.08,https://www.ssdnodes.com/pricing/,https://www.ssdnodes.com/pricing/,2026-10-01T12:00:41.492629+00:00
DreamHost,COM - See All Extensions,,,,,,9.99,USD,9.99,https://www.dreamhost.com/servers/vps/,https://www.dreamhost.com/servers/vps/,2026-10-01T12:00:42.459712+00:00
DreamHost,On Sale Stack 4 For lightweight apps and solo projects On Sale First 2 years at,,,,,,5.99,USD,5.99,https://www.dreamhost.com/servers/vps/,https://www.dreamhost.com/servers/vps/,2026-10-01T12:00:42.459966+00:00
DreamHost,Sign Up Now Auto-renews at,,,,,,10.99,USD,10.99,https://www.dreamhost.com/servers/vps/,https://www.dreamhost.com/servers/vps/,2026-10-01T12:00:42.460030+00:00
DreamHost,Support Stack 8 For apps running in production On Sale First 2 years at,,,,,,9.49,USD,9.49,https://www.dreamhost.com/servers/vps/,https://www.dreamhost.com/servers/vps/,2026-10-01T12:00:42.460107+00:00
DreamHost,Sign Up Now Auto-renews at,,,,,,14.99,USD,14.99,https://www.dreamhost.com/servers/vps/,https://www.dreamhost.com/servers/vps/,2026-10-01T12:00:42.460153+00:00
DreamHost,Stack 16 For demanding workloads and multiple services On Sale First 2 years at,,,,,,15.49,USD,15.49,https://www.dreamhost.com/servers/vps/,https://www.dreamhost.com/servers/vps/,2026-10-01T12:00:42.460215+00:00
DreamHost,Sign Up Now Auto-renews at,,,,,,23.49,USD,23.49,https://www.dreamhost.com/servers/vps/,https://www.dreamhost.com/servers/vps/,2026-10-01T12:00:42.460263+00:00
DreamHost,For high-traffic platforms and data-intensive apps On Sale First 2 years at,,,,,,30.99,USD,30.99,https://www.dreamhost.com/servers/vps/,https://www.dreamhost.com/servers/vps/,2026-10-01T12:00:42.460322+00:00
DreamHost,Sign Up Now Auto-renews at,,,,,,39.99,USD,39.99,https://www.dreamhost.com/servers/vps/,https://www.dreamhost.com/servers/vps/,2026-10-01T12:00:42.460365+00:00
DreamHost,Most DreamHost,,,,,,810.0,USD,810.0,https://www.dreamhost.com/servers/vps/,https://www.dreamhost.com/servers/vps/,2026-10-01T12:00:42.460420+00:00
DreamHost,AWS Lightsail Metered,,,,,,0.09,USD,0.09,https://www.dreamhost.com/servers/vps/,https://www.dreamhost.com/servers/vps/,2026-10-01T12:00:42.460498+00:00
DreamHost,AWS Lightsail Metered,,,,,,4.41,USD,4.41,https://www.dreamhost.com/servers/vps/,https://www.dreamhost.com/servers/vps/,2026-10-01T12:00:42.460553+00:00
InMotion Hosting,VPS You Save,,,,,,9.99,USD,9.99,https://www.inmotionhosting.com/vps-hosting,https://www.inmotionhosting.com/vps-hosting,2026-10-01T12:00:46.061438+00:00
InMotion Hosting,For 24 month term Renews at,,,,,,16.99,USD,16.99,https://www.inmotionhosting.com/vps-hosting,https://www.inmotionhosting.com/vps-hosting,2026-10-01T12:00:46.061513+00:00
InMotion Hosting,Select You Save,,,,,,13.99,USD,13.99,https://www.inmotionhosting.com/vps-hosting,https://www.inmotionhosting.com/vps-hosting,2026-10-01T12:00:46.061573+00:00
InMotion Hosting,For 24 month term Renews at,,,,,,26.99,USD,26.99,https://www.inmotionhosting.com/vps-hosting,https://www.inmotionhosting.com/vps-hosting,2026-10-01T12:00:46.061619+00:00
InMotion Hosting,Select You Save,,,,,,14.99,USD,14.99,https://www.inmotionhosting.com/vps-hosting,https://www.inmotionhosting.com/vps-hosting,2026-10-01T12:00:46.061653+00:00
InMotion Hosting,For 24 month term Renews at,,,,,,36.99,USD,36.99,https://www.inmotionhosting.com/vps-hosting,https://www.inmotionhosting.com/vps-hosting,2026-10-01T12:00:46.061682+00:00
InMotion Hosting,Onboarding Server Setup,,,,,,199.0,USD,199.0,https://www.inmotionhosting.com/vps-hosting,https://www.inmotionhosting.com/vps-hosting,2026-10-01T12:00:46.061775+00:00
InMotion Hosting,VPS You Save,,,,,,19.99,USD,19.99,https://www.inmotionhosting.com/vps-hosting,https://www.inmotionhosting.com/vps-hosting,2026-10-01T12:00:46.061871+00:00
InMotion Hosting,For 24 month term Renews at,,,,,,46.99,USD,46.99,https://www.inmotionhosting.com/vps-hosting,https://www.inmotionhosting.com/vps-hosting,2026-10-01T12:00:46.061948+00:00
InMotion Hosting,Select You Save,,,,,,21.99,USD,21.99,https://www.inmotionhosting.com/vps-hosting,https://www.inmotionhosting.com/vps-hosting,2026-10-01T12:00:46.062008+00:00
InMotion Hosting,For 24 month term Renews at,,,,,,56.99,USD,56.99,https://www.inmotionhosting.com/vps-hosting,https://www.inmotionhosting.com/vps-hosting,2026-10-01T12:00:46.062035+00:00
InMotion Hosting,Select You Save,,,,,,22.99,USD,22.99,https://www.inmotionhosting.com/vps-hosting,https://www.inmotionhosting.com/vps-hosting,2026-10-01T12:00:46.062064+00:00
